Function Name,Number of Calls,Elapsed Inclusive Time %,Elapsed Exclusive Time %,Avg Elapsed Inclusive Time,Avg Elapsed Exclusive Time,Module Name,
"select.select",4,70.68,70.68,250.97,250.97,"select",
"selectors._fileobj_to_fd",1,15.16,15.16,215.31,215.28,"selectors.py",
"__build_class__",362,10.16,9.92,0.40,0.39,"builtins",
"io.open_code",89,0.56,0.56,0.09,0.09,"io",
"_imp.create_dynamic",7,0.47,0.47,0.95,0.95,"_imp",
"marshal.loads",89,0.41,0.41,0.07,0.07,"marshal",
"nt.stat",551,0.36,0.36,0.01,0.01,"nt",
"<frozen importlib._path_join","1,666",0.32,0.20,0.00,0.00,"(frozen importlib._bootstrap_external)",
"_io.BufferedReader.read",89,0.16,0.16,0.03,0.03,"Unidentifiable Method",
"socket.bind",1,0.15,0.15,2.17,2.17,"Unidentifiable Method",
"_socket.gethostbyaddr",1,0.17,0.09,2.42,1.34,"_socket",
"exec",89,13.65,0.08,19.39,0.01,"builtins",
"sre_parse._parse",194,0.21,0.07,0.02,0.01,"sre_parse.py",
"<frozen importlib.FileFinder.find_spec",336,0.71,0.07,0.03,0.00,"(frozen importlib._bootstrap_external)",
"eval",17,0.05,0.04,0.04,0.04,"builtins",
"enum.__new__",20,0.11,0.04,0.08,0.03,"enum.py",
"<frozen importlib.SourceLoader.get_code",89,1.34,0.04,0.21,0.01,"(frozen importlib._bootstrap_external)",
"sre_parse.__next","4,032",0.04,0.04,0.00,0.00,"sre_parse.py",
"type.__new__",348,0.04,0.04,0.00,0.00,"Unidentifiable Method",
"<frozen importlib._find_and_load",123,13.82,0.03,19.62,0.00,"(frozen importlib._bootstrap)",
"str.startswith","5,536",0.03,0.03,0.00,0.00,"Unidentifiable Method",
"sre_compile._optimize_charset",132,0.05,0.03,0.01,0.00,"sre_compile.py",
"socket.socket.__init__",1,0.03,0.03,0.44,0.44,"socket.py",
"str.endswith","5,472",0.03,0.03,0.00,0.00,"Unidentifiable Method",
"_io.BufferedReader.__exit__",89,0.03,0.03,0.00,0.00,"Unidentifiable Method",
"<frozen importlib._find_spec",119,0.81,0.02,0.10,0.00,"(frozen importlib._bootstrap)",
"sre_compile._compile",319,0.08,0.02,0.00,0.00,"sre_compile.py",
"getattr","1,300",0.02,0.02,0.00,0.00,"builtins",
"<frozen importlib.<listcomp>","1,666",0.03,0.02,0.00,0.00,"(frozen importlib._bootstrap_external)",
"collections.namedtuple",17,0.07,0.02,0.06,0.02,"__init__.py",
"str.rstrip","5,177",0.02,0.02,0.00,0.00,"Unidentifiable Method",
"sre_parse.Tokenizer.get","3,522",0.05,0.02,0.00,0.00,"sre_parse.py",
"len","8,317",0.02,0.02,0.00,0.00,"builtins",
"_imp.create_builtin",16,0.02,0.02,0.02,0.02,"_imp",
"<frozen importlib.cache_from_source",178,0.09,0.02,0.01,0.00,"(frozen importlib._bootstrap_external)",
"<frozen importlib._get_spec",103,0.77,0.02,0.11,0.00,"(frozen importlib._bootstrap_external)",
"isinstance","6,519",0.02,0.02,0.00,0.00,"builtins",
"list.append","7,080",0.02,0.02,0.00,0.00,"Unidentifiable Method",
"<frozen importlib._get_module_lock",125,0.04,0.02,0.00,0.00,"(frozen importlib._bootstrap)",
"_compat_pickle (module)",1,0.02,0.02,0.24,0.23,"_compat_pickle.py",
"enum._EnumDict.__setitem__",321,0.04,0.02,0.00,0.00,"enum.py",
"_thread.allocate_lock",250,0.02,0.02,0.00,0.00,"_thread",
"sre_parse.SubPattern.getwidth",397,0.02,0.02,0.00,0.00,"sre_parse.py",
"str.join","1,887",0.02,0.01,0.00,0.00,"Unidentifiable Method",
"<frozen importlib._load_unlocked",112,13.77,0.01,19.55,0.00,"(frozen importlib._bootstrap)",
"<frozen importlib._verbose_message","1,764",0.01,0.01,0.00,0.00,"(frozen importlib._bootstrap)",
"enum.__setattr__",390,0.01,0.01,0.00,0.00,"enum.py",
"sre_parse.SubPattern.__getitem__","1,916",0.02,0.01,0.00,0.00,"sre_parse.py",
"re._compile",162,0.38,0.01,0.03,0.00,"re.py",
"<frozen importlib.FileLoader.get_data",89,0.76,0.01,0.12,0.00,"(frozen importlib._bootstrap_external)",
"nt.listdir",8,0.01,0.01,0.02,0.02,"nt",
"hasattr","1,706",0.01,0.01,0.00,0.00,"builtins",
"<frozen importlib._init_module_attrs",112,0.10,0.01,0.01,0.00,"(frozen importlib._bootstrap)",
"<frozen importlib._ModuleLock.acquire",125,0.01,0.01,0.00,0.00,"(frozen importlib._bootstrap)",
"sre_parse._parse_sub",162,0.22,0.01,0.02,0.00,"sre_parse.py",
"<frozen importlib._ModuleLock.release",125,0.01,0.01,0.00,0.00,"(frozen importlib._bootstrap)",
"_imp.exec_builtin",16,0.01,0.01,0.01,0.01,"_imp",
"print",3,0.01,0.01,0.05,0.05,"builtins",
"<frozen importlib._path_split",178,0.02,0.01,0.00,0.00,"(frozen importlib._bootstrap_external)",
"_abc._abc_init",37,0.01,0.01,0.00,0.00,"_abc",
"enum.<setcomp>",20,0.01,0.01,0.01,0.01,"enum.py",
"<frozen importlib._LoaderBasics.exec_module",89,13.76,0.01,19.54,0.00,"(frozen importlib._bootstrap_external)",
"<frozen importlib._find_and_load_unlocked",123,13.81,0.01,19.61,0.00,"(frozen importlib._bootstrap)",
"enum.<listcomp>",12,0.03,0.01,0.03,0.01,"enum.py",
"<frozen importlib._classify_pyc",89,0.01,0.01,0.00,0.00,"(frozen importlib._bootstrap_external)",
"<frozen importlib.spec_from_file_location",96,0.01,0.01,0.00,0.00,"(frozen importlib._bootstrap_external)",
"<frozen importlib._unpack_uint32",267,0.01,0.01,0.00,0.00,"(frozen importlib._bootstrap_external)",
"max",232,0.02,0.01,0.00,0.00,"builtins",
"str.rpartition",783,0.01,0.01,0.00,0.00,"Unidentifiable Method",
"<frozen importlib._path_stat",551,0.37,0.01,0.01,0.00,"(frozen importlib._bootstrap_external)",
"sre_compile.compile",54,0.36,0.01,0.09,0.00,"sre_compile.py",
"html.entities (module)",1,0.01,0.01,0.13,0.10,"entities.py",
"<frozen importlib._compile_bytecode",89,0.42,0.01,0.07,0.00,"(frozen importlib._bootstrap_external)",
"<frozen importlib._relax_case",336,0.01,0.01,0.00,0.00,"(frozen importlib._bootstrap_external)",
"<frozen importlib._path_importer_cache",408,0.03,0.01,0.00,0.00,"(frozen importlib._bootstrap_external)",
"<frozen importlib.cb",123,0.01,0.01,0.00,0.00,"(frozen importlib._bootstrap)",
"chr",448,0.01,0.01,0.00,0.00,"builtins",
"bottle (module)",1,12.82,0.01,182.02,0.08,"bottle.py",
"type.fromkeys",93,0.01,0.01,0.00,0.00,"Unidentifiable Method",
"dict.get",701,0.01,0.01,0.00,0.00,"Unidentifiable Method",
"sre_compile._compile_info",54,0.04,0.01,0.01,0.00,"sre_compile.py",
"enum._is_private",321,0.01,0.01,0.00,0.00,"enum.py",
"<frozen importlib.FileFinder._get_spec",96,0.02,0.01,0.00,0.00,"(frozen importlib._bootstrap_external)",
"<frozen importlib.module_from_spec",112,0.59,0.01,0.08,0.00,"(frozen importlib._bootstrap)",
"sre_parse.parse",54,0.23,0.01,0.06,0.00,"sre_parse.py",
"inspect (module)",1,0.26,0.00,3.73,0.07,"inspect.py",
"_imp._fix_co_filename",89,0.00,0.00,0.00,0.00,"_imp",
"socket (module)",1,0.29,0.00,4.07,0.07,"socket.py",
"sre_parse.Tokenizer.match","1,044",0.01,0.00,0.00,0.00,"sre_parse.py",
"min",734,0.00,0.00,0.00,0.00,"builtins",
"sre_compile.<listcomp>",35,0.00,0.00,0.00,0.00,"sre_compile.py",
"sre_parse.SubPattern.__init__",345,0.00,0.00,0.00,0.00,"sre_parse.py",
"str.rfind",356,0.00,0.00,0.00,0.00,"Unidentifiable Method",
"bytearray.find",456,0.00,0.00,0.00,0.00,"Unidentifiable Method",
"sre_compile._mk_bitmap",35,0.01,0.00,0.00,0.00,"sre_compile.py",
"<frozen importlib._path_is_mode_type",118,0.10,0.00,0.01,0.00,"(frozen importlib._bootstrap_external)",
"setattr",501,0.01,0.00,0.00,0.00,"builtins",
"_imp.is_builtin",90,0.00,0.00,0.00,0.00,"_imp",
"<frozen importlib._call_with_frames_removed",147,13.68,0.00,17.66,0.00,"(frozen importlib._bootstrap)",
"<frozen importlib.<genexpr>",534,0.01,0.00,0.00,0.00,"(frozen importlib._bootstrap_external)",
"<frozen importlib._validate_timestamp_pyc",89,0.01,0.00,0.00,0.00,"(frozen importlib._bootstrap_external)",
"ast (module)",1,0.06,0.00,0.88,0.05,"ast.py",
"sre_parse._uniq",93,0.01,0.00,0.00,0.00,"sre_parse.py",
"_imp.acquire_lock",576,0.00,0.00,0.00,0.00,"_imp",
"enum._is_dunder",321,0.00,0.00,0.00,0.00,"enum.py",
"locale (module)",1,0.02,0.00,0.30,0.05,"locale.py",
"<frozen importlib._ModuleLock.__init__",123,0.02,0.00,0.00,0.00,"(frozen importlib._bootstrap)",
"_imp.release_lock",576,0.00,0.00,0.00,0.00,"_imp",
"sre_compile._get_literal_prefix",75,0.00,0.00,0.00,0.00,"sre_compile.py",
"enum._find_data_type",52,0.00,0.00,0.00,0.00,"enum.py",
"<frozen importlib._get_cached",96,0.06,0.00,0.01,0.00,"(frozen importlib._bootstrap_external)",
"sre_compile._compile_charset",132,0.01,0.00,0.00,0.00,"sre_compile.py",
"enum._is_sunder",321,0.00,0.00,0.00,0.00,"enum.py",
"enum.__call__",134,0.08,0.00,0.01,0.00,"enum.py",
"sre_parse.Tokenizer.tell",491,0.00,0.00,0.00,0.00,"sre_parse.py",
"socketserver.BaseServer.serve_forever",1,85.86,0.00,"1,219.38",0.05,"socketserver.py",
"opcode.<listcomp>",1,0.00,0.00,0.05,0.05,"opcode.py",
"<frozen importlib._ModuleLockManager.__enter__",123,0.05,0.00,0.01,0.00,"(frozen importlib._bootstrap)",
"<frozen importlib._new_module",89,0.00,0.00,0.00,0.00,"(frozen importlib._bootstrap)",
"<frozen importlib.cached",185,0.06,0.00,0.00,0.00,"(frozen importlib._bootstrap)",
"<frozen importlib._check_name_wrapper",89,0.00,0.00,0.00,0.00,"(frozen importlib._bootstrap_external)",
"<frozen importlib.<genexpr>",64,0.00,0.00,0.00,0.00,"(frozen importlib._bootstrap_external)",
"enum.__and__",54,0.01,0.00,0.00,0.00,"enum.py",
"str.format",101,0.00,0.00,0.00,0.00,"Unidentifiable Method",
"sre_parse.SubPattern.__len__",684,0.00,0.00,0.00,0.00,"sre_parse.py",
"urllib.parse (module)",1,0.02,0.00,0.31,0.04,"parse.py",
"sre_parse._class_escape",113,0.00,0.00,0.00,0.00,"sre_parse.py",
"sre_parse.SubPattern.append",500,0.00,0.00,0.00,0.00,"sre_parse.py",
"str.isupper",864,0.00,0.00,0.00,0.00,"Unidentifiable Method",
"<frozen importlib.find_spec",103,0.77,0.00,0.11,0.00,"(frozen importlib._bootstrap_external)",
"<frozen importlib.SourceFileLoader.path_stats",89,0.06,0.00,0.01,0.00,"(frozen importlib._bootstrap_external)",
"random (module)",1,0.06,0.00,0.82,0.04,"random.py",
"_sre.compile",54,0.00,0.00,0.00,0.00,"_sre",
"sre_parse._escape",99,0.00,0.00,0.00,0.00,"sre_parse.py",
"<frozen importlib.parent",127,0.00,0.00,0.00,0.00,"(frozen importlib._bootstrap)",
"<frozen importlib.FileFinder._fill_cache",8,0.02,0.00,0.03,0.00,"(frozen importlib._bootstrap_external)",
"enum._create_",12,0.07,0.00,0.09,0.00,"enum.py",
"<frozen importlib.ModuleSpec.__init__",119,0.00,0.00,0.00,0.00,"(frozen importlib._bootstrap)",
"datetime (module)",1,0.02,0.00,0.33,0.04,"datetime.py",
"ssl (module)",1,0.25,0.00,3.51,0.04,"ssl.py",
"type.maketrans",2,0.00,0.00,0.02,0.02,"Unidentifiable Method",
"type.from_bytes",267,0.00,0.00,0.00,0.00,"Unidentifiable Method",
"app (module)",1,100.00,0.00,"1,420.26",0.03,"app.py",
"selectors (module)",1,0.07,0.00,1.03,0.03,"selectors.py",
"sre_parse.Tokenizer.__init__",54,0.00,0.00,0.00,0.00,"sre_parse.py",
"stringprep (module)",1,0.00,0.00,0.03,0.03,"stringprep.py",
"selectors.select",4,70.69,0.00,250.99,0.01,"selectors.py",
"datetime.__new__",12,0.00,0.00,0.00,0.00,"datetime.py",
"_ssl.txt2obj",4,0.00,0.00,0.01,0.01,"_ssl",
"<frozen importlib._ModuleLockManager.__exit__",123,0.01,0.00,0.00,0.00,"(frozen importlib._bootstrap)",
"shutil (module)",1,0.27,0.00,3.80,0.03,"shutil.py",
"selectors._select",4,70.69,0.00,250.98,0.01,"selectors.py",
"sre_compile._code",54,0.12,0.00,0.03,0.00,"sre_compile.py",
"enum._is_descriptor",263,0.00,0.00,0.00,0.00,"enum.py",
"functools.update_wrapper",38,0.01,0.00,0.00,0.00,"functools.py",
"email.charset (module)",1,0.15,0.00,2.19,0.03,"charset.py",
"<frozen importlib._ImportLockContext.__exit__",328,0.00,0.00,0.00,0.00,"(frozen importlib._bootstrap)",
"<frozen importlib._path_isfile",110,0.10,0.00,0.01,0.00,"(frozen importlib._bootstrap_external)",
"pdb (module)",1,0.20,0.00,2.88,0.03,"pdb.py",
"enum.__new__",122,0.01,0.00,0.00,0.00,"enum.py",
"enum._convert_",12,0.11,0.00,0.13,0.00,"enum.py",
"enum._decompose",4,0.00,0.00,0.01,0.01,"enum.py",
"<frozen importlib._ImportLockContext.__enter__",328,0.00,0.00,0.00,0.00,"(frozen importlib._bootstrap)",
"dict.update",43,0.00,0.00,0.00,0.00,"Unidentifiable Method",
"socket.listen",1,0.00,0.00,0.03,0.03,"Unidentifiable Method",
"enum._find_new_",20,0.00,0.00,0.00,0.00,"enum.py",
"sre_parse.State.opengroup",81,0.00,0.00,0.00,0.00,"sre_parse.py",
"_thread.lock.__exit__",254,0.00,0.00,0.00,0.00,"Unidentifiable Method",
"socket.close",1,0.00,0.00,0.03,0.03,"Unidentifiable Method",
"<frozen importlib._ModuleLockManager.__init__",123,0.00,0.00,0.00,0.00,"(frozen importlib._bootstrap)",
"enum.__prepare__",20,0.01,0.00,0.01,0.00,"enum.py",
"email._policybase._extend_docstrings",1,0.00,0.00,0.05,0.03,"_policybase.py",
"re.Pattern.match",108,0.00,0.00,0.00,0.00,"Unidentifiable Method",
"email.quoprimime.<listcomp>",1,0.00,0.00,0.03,0.03,"quoprimime.py",
"dict.pop",112,0.00,0.00,0.00,0.00,"Unidentifiable Method",
"hmac (module)",1,0.15,0.00,2.15,0.03,"hmac.py",
"<frozen importlib._path_hooks",8,0.02,0.00,0.04,0.00,"(frozen importlib._bootstrap_external)",
"bottle.Router.add",6,0.02,0.00,0.05,0.00,"bottle.py",
"bottle.Router._itertokens",14,0.00,0.00,0.00,0.00,"bottle.py",
"__import__",13,0.38,0.00,0.41,0.00,"builtins",
"list.extend",112,0.00,0.00,0.00,0.00,"Unidentifiable Method",
"http.cookies (module)",1,0.05,0.00,0.74,0.03,"cookies.py",
"weakref.finalize",1,0.00,0.00,0.03,0.02,"weakref.py",
"_abc._abc_subclasscheck",7,0.00,0.00,0.01,0.00,"_abc",
"_thread.get_ident",251,0.00,0.00,0.00,0.00,"_thread",
"socket.<lambda>",207,0.00,0.00,0.00,0.00,"socket.py",
"sre_parse.fix_flags",54,0.00,0.00,0.00,0.00,"sre_parse.py",
"bottle.run",1,86.78,0.00,"1,232.56",0.02,"bottle.py",
"subprocess (module)",1,0.04,0.00,0.54,0.02,"subprocess.py",
"mappingproxy.get",390,0.00,0.00,0.00,0.00,"Unidentifiable Method",
"json (module)",1,9.87,0.00,140.19,0.02,"__init__.py",
"abc.__new__",37,0.03,0.00,0.01,0.00,"abc.py",
"<frozen importlib.ExtensionFileLoader.create_module",7,0.47,0.00,0.95,0.00,"(frozen importlib._bootstrap_external)",
"enum._get_mixins_",52,0.01,0.00,0.00,0.00,"enum.py",
"<frozen importlib.find_spec",119,0.01,0.00,0.00,0.00,"(frozen importlib._bootstrap)",
"sre_compile._get_charset_prefix",40,0.00,0.00,0.00,0.00,"sre_compile.py",
"datetime.datetime",1,0.00,0.00,0.02,0.02,"datetime.py",
"pickle (module)",1,0.07,0.00,1.05,0.02,"pickle.py",
"threading.Thread",1,0.00,0.00,0.02,0.02,"threading.py",
"sre_parse.SubPattern.__setitem__",138,0.00,0.00,0.00,0.00,"sre_parse.py",
"<frozen importlib.spec_from_loader",16,0.00,0.00,0.00,0.00,"(frozen importlib._bootstrap)",
"list.sort",16,0.00,0.00,0.00,0.00,"Unidentifiable Method",
"sre_compile._simple",129,0.00,0.00,0.00,0.00,"sre_compile.py",
"<frozen zipimport>.zipimporter.__init__",8,0.01,0.00,0.01,0.00,"(frozen zipimport)",
"abc.__subclasscheck__",7,0.00,0.00,0.02,0.00,"abc.py",
"<frozen importlib.FileLoader.__init__",89,0.00,0.00,0.00,0.00,"(frozen importlib._bootstrap_external)",
"set.add",231,0.00,0.00,0.00,0.00,"Unidentifiable Method",
"socket.<lambda>",209,0.00,0.00,0.00,0.00,"socket.py",
"sre_compile._combine_flags",123,0.00,0.00,0.00,0.00,"sre_compile.py",
"socket.<lambda>",210,0.00,0.00,0.00,0.00,"socket.py",
"_hashlib.openssl_md5",1,0.00,0.00,0.02,0.02,"_hashlib",
"http.cookies.<dictcomp>",1,0.00,0.00,0.02,0.02,"cookies.py",
"email.quoprimime (module)",1,0.06,0.00,0.90,0.02,"quoprimime.py",
"http.client (module)",1,0.52,0.00,7.36,0.02,"client.py",
"sre_parse.groups",270,0.00,0.00,0.00,0.00,"sre_parse.py",
"<frozen importlib.FileFinder.__init__",8,0.01,0.00,0.01,0.00,"(frozen importlib._bootstrap_external)",
"json.decoder (module)",1,0.05,0.00,0.74,0.02,"decoder.py",
"ord",559,0.00,0.00,0.00,0.00,"builtins",
"dir",2,0.00,0.00,0.01,0.01,"builtins",
"enum.<dictcomp>",20,0.00,0.00,0.00,0.00,"enum.py",
"dis (module)",1,0.04,0.00,0.54,0.02,"dis.py",
"sre_parse.State.__init__",54,0.00,0.00,0.00,0.00,"sre_parse.py",
"sre_parse.Tokenizer.getuntil",22,0.00,0.00,0.00,0.00,"sre_parse.py",
"dict.items",342,0.00,0.00,0.00,0.00,"Unidentifiable Method",
"threading (module)",1,0.03,0.00,0.46,0.02,"threading.py",
"hmac.<genexpr>",257,0.00,0.00,0.00,0.00,"hmac.py",
"socket.<lambda>",208,0.00,0.00,0.00,0.00,"socket.py",
"issubclass",194,0.00,0.00,0.00,0.00,"builtins",
"hashlib.__get_openssl_constructor",14,0.01,0.00,0.01,0.00,"hashlib.py",
"calendar (module)",1,0.13,0.00,1.87,0.02,"calendar.py",
"http.__new__",62,0.00,0.00,0.00,0.00,"__init__.py",
"enum._check_for_existing_members",20,0.00,0.00,0.00,0.00,"enum.py",
"email._policybase (module)",1,0.05,0.00,0.66,0.02,"_policybase.py",
"_imp.is_frozen",103,0.00,0.00,0.00,0.00,"_imp",
"bottle.run",1,86.80,0.00,"1,232.72",0.02,"bottle.py",
"platform (module)",1,0.14,0.00,1.93,0.02,"platform.py",
"enum._EnumDict.__init__",20,0.00,0.00,0.00,0.00,"enum.py",
"opcode (module)",1,0.01,0.00,0.11,0.02,"opcode.py",
"sre_parse.State.closegroup",81,0.01,0.00,0.00,0.00,"sre_parse.py",
"nt.fspath",281,0.00,0.00,0.00,0.00,"nt",
"http.server (module)",1,0.20,0.00,2.86,0.02,"server.py",
"socketserver.TCPServer.server_bind",1,0.15,0.00,2.20,0.02,"socketserver.py",
"bottle.ConfigDict._set_virtual",30,0.00,0.00,0.00,0.00,"bottle.py",
"socketserver.TCPServer.__init__",1,0.36,0.00,5.14,0.02,"socketserver.py",
"dict.setdefault",95,0.00,0.00,0.00,0.00,"Unidentifiable Method",
"json.encoder (module)",1,9.78,0.00,138.86,0.01,"encoder.py",
"copy (module)",1,0.02,0.00,0.26,0.01,"copy.py",
"ast._Unparser",1,0.00,0.00,0.02,0.01,"ast.py",
"os.__getitem__",60,0.00,0.00,0.00,0.00,"os.py",
"signal (module)",1,0.01,0.00,0.21,0.01,"signal.py",
"<frozen importlib._requires_builtin_wrapper",16,0.00,0.00,0.00,0.00,"(frozen importlib._bootstrap)",
"bottle.ConfigDict._make_overlay",7,0.00,0.00,0.01,0.00,"bottle.py",
"email.utils (module)",1,0.68,0.00,9.60,0.01,"utils.py",
"bottle.Bottle.__init__",1,0.00,0.00,0.07,0.01,"bottle.py",
"bottle.decorator",6,0.02,0.00,0.06,0.00,"bottle.py",
"<frozen importlib.find_spec",103,0.00,0.00,0.00,0.00,"(frozen importlib._bootstrap)",
"str.replace",92,0.00,0.00,0.00,0.00,"Unidentifiable Method",
"bottle._local_property",6,0.00,0.00,0.00,0.00,"bottle.py",
"http.server.HTTPServer.server_bind",1,0.33,0.00,4.64,0.01,"server.py",
"wsgiref.handlers.read_environ",1,0.01,0.00,0.08,0.01,"handlers.py",
"re.match",107,0.01,0.00,0.00,0.00,"re.py",
"socket.fileno",1,0.00,0.00,0.01,0.01,"Unidentifiable Method",
"<frozen importlib._handle_fromlist",20,0.11,0.00,0.08,0.00,"(frozen importlib._bootstrap)",
"<frozen importlib.path_hook_for_FileFinder",8,0.01,0.00,0.02,0.00,"(frozen importlib._bootstrap_external)",
"hmac.<genexpr>",257,0.00,0.00,0.00,0.00,"hmac.py",
"sre_compile.isstring",108,0.00,0.00,0.00,0.00,"sre_compile.py",
"pickle._Pickler",1,0.00,0.00,0.01,0.01,"pickle.py",
"socket.getsockname",1,0.00,0.00,0.01,0.01,"Unidentifiable Method",
"<frozen importlib._path_isabs",15,0.00,0.00,0.00,0.00,"(frozen importlib._bootstrap_external)",
"Random.seed",1,0.00,0.00,0.01,0.01,"Unidentifiable Method",
"bytearray.translate",35,0.00,0.00,0.00,0.00,"Unidentifiable Method",
"<frozen importlib.create_module",16,0.02,0.00,0.02,0.00,"(frozen importlib._bootstrap)",
"hashlib (module)",1,0.01,0.00,0.11,0.01,"hashlib.py",
"tempfile (module)",1,0.34,0.00,4.79,0.01,"tempfile.py",
"socketserver.TCPServer.fileno",1,0.00,0.00,0.02,0.01,"socketserver.py",
"email.header (module)",1,0.02,0.00,0.30,0.01,"header.py",
"opcode.def_op",119,0.00,0.00,0.00,0.00,"opcode.py",
"pickle.<listcomp>",1,0.01,0.00,0.13,0.01,"pickle.py",
"wsgiref.simple_server (module)",1,0.47,0.00,6.64,0.01,"simple_server.py",
"json.encoder.JSONEncoder",1,0.00,0.00,0.01,0.01,"encoder.py",
"sys.intern",97,0.00,0.00,0.00,0.00,"sys",
"re.compile",54,0.37,0.00,0.10,0.00,"re.py",
"bottle.<genexpr>",63,0.00,0.00,0.00,0.00,"bottle.py",
"<frozen importlib.has_location",112,0.00,0.00,0.00,0.00,"(frozen importlib._bootstrap)",
"pickle._Unpickler",1,0.00,0.00,0.01,0.01,"pickle.py",
"str.split",25,0.00,0.00,0.00,0.00,"Unidentifiable Method",
"selectors.register",1,15.16,0.00,215.32,0.01,"selectors.py",
"warnings (module)",1,0.00,0.00,0.03,0.01,"warnings.py",
"bottle.BaseRequest",1,0.00,0.00,0.03,0.01,"bottle.py",
"base64 (module)",1,0.01,0.00,0.16,0.01,"base64.py",
"routes (module)",1,0.01,0.00,0.09,0.01,"routes.py",
"email.message (module)",1,0.08,0.00,1.08,0.01,"message.py",
"__future__ (module)",1,0.00,0.00,0.03,0.01,"__future__.py",
"wsgiref.handlers._needs_transcode",57,0.00,0.00,0.00,0.00,"handlers.py",
"threading.Thread.__init__",1,0.00,0.00,0.02,0.01,"threading.py",
"enum._create_pseudo_member_",4,0.00,0.00,0.02,0.00,"enum.py",
"str.isidentifier",119,0.00,0.00,0.00,0.00,"Unidentifiable Method",
"wsgiref.handlers (module)",1,0.05,0.00,0.68,0.01,"handlers.py",
"pprint.PrettyPrinter",1,0.00,0.00,0.01,0.01,"pprint.py",
"configparser (module)",1,0.06,0.00,0.85,0.01,"configparser.py",
"lzma (module)",1,0.03,0.00,0.46,0.01,"lzma.py",
"nt._path_splitroot",15,0.00,0.00,0.00,0.00,"nt",
"sre_compile._generate_overlap_table",12,0.00,0.00,0.00,0.00,"sre_compile.py",
"<frozen importlib.<setcomp>",8,0.00,0.00,0.00,0.00,"(frozen importlib._bootstrap_external)",
"json.scanner (module)",1,0.02,0.00,0.29,0.01,"scanner.py",
"collections.<genexpr>",97,0.00,0.00,0.00,0.00,"__init__.py",
"os.<listcomp>",1,0.00,0.00,0.01,0.01,"os.py",
"threading._MainThread.__init__",1,0.00,0.00,0.05,0.01,"threading.py",
"str.translate",8,0.00,0.00,0.00,0.00,"Unidentifiable Method",
"email._policybase._append_doc",6,0.00,0.00,0.00,0.00,"_policybase.py",
"types.DynamicClassAttribute.__get__",53,0.00,0.00,0.00,0.00,"types.py",
"weakref (module)",1,0.01,0.00,0.19,0.01,"weakref.py",
"socket.getfqdn",1,0.17,0.00,2.43,0.01,"socket.py",
"pdb.Pdb",1,0.00,0.00,0.01,0.01,"pdb.py",
"encodings.idna.getregentry",1,0.00,0.00,0.01,0.01,"idna.py",
"bottle.ConfigDict.__setitem__",5,0.00,0.00,0.00,0.00,"bottle.py",
"email.feedparser (module)",1,0.08,0.00,1.16,0.01,"feedparser.py",
"functools.wraps",18,0.00,0.00,0.00,0.00,"functools.py",
"traceback.StackSummary",1,0.00,0.00,0.01,0.01,"traceback.py",
"_imp.exec_dynamic",7,0.00,0.00,0.00,0.00,"_imp",
"_collections_abc.__iter__",58,0.00,0.00,0.00,0.00,"_collections_abc.py",
"importlib.machinery (module)",1,0.00,0.00,0.01,0.01,"machinery.py",
"threading.Condition.__init__",2,0.00,0.00,0.00,0.00,"threading.py",
"enum.__getattr__",20,0.00,0.00,0.00,0.00,"enum.py",
"encodings.idna (module)",1,0.05,0.00,0.71,0.01,"idna.py",
"myform (module)",1,13.12,0.00,186.39,0.01,"myform.py",
"fnmatch (module)",1,0.00,0.00,0.01,0.01,"fnmatch.py",
"enum.<genexpr>",62,0.00,0.00,0.00,0.00,"enum.py",
"mimetypes (module)",1,0.02,0.00,0.33,0.01,"mimetypes.py",
"email._encoded_words (module)",1,0.01,0.00,0.14,0.01,"_encoded_words.py",
"socket.setsockopt",1,0.00,0.00,0.01,0.01,"Unidentifiable Method",
"sre_compile._get_iscased",115,0.00,0.00,0.00,0.00,"sre_compile.py",
"str.partition",66,0.00,0.00,0.00,0.00,"Unidentifiable Method",
"ssl.<lambda>",124,0.00,0.00,0.00,0.00,"ssl.py",
"string.__init_subclass__",1,0.02,0.00,0.30,0.01,"string.py",
"enum.__or__",7,0.01,0.00,0.01,0.00,"enum.py",
"os.encodekey",60,0.00,0.00,0.00,0.00,"os.py",
"pprint (module)",1,0.00,0.00,0.03,0.01,"pprint.py",
"wsgiref.simple_server.WSGIServer.server_bind",1,0.33,0.00,4.65,0.01,"simple_server.py",
"mimetypes._default_mime_types",1,0.00,0.00,0.01,0.01,"mimetypes.py",
"configparser.RawConfigParser",1,0.03,0.00,0.47,0.01,"configparser.py",
"hmac.HMAC",1,0.00,0.00,0.01,0.01,"hmac.py",
"socketserver (module)",1,0.01,0.00,0.10,0.01,"socketserver.py",
"email.message.MIMEPart",1,0.00,0.00,0.01,0.01,"message.py",
"frozenset.__contains__",97,0.00,0.00,0.00,0.00,"Unidentifiable Method",
"ssl.<lambda>",124,0.00,0.00,0.00,0.00,"ssl.py",
"ssl.<lambda>",124,0.00,0.00,0.00,0.00,"ssl.py",
"bottle.wrapper",6,0.01,0.00,0.02,0.00,"bottle.py",
"glob (module)",1,0.01,0.00,0.13,0.01,"glob.py",
"ssl.<lambda>",124,0.00,0.00,0.00,0.00,"ssl.py",
"html (module)",1,0.08,0.00,1.16,0.01,"__init__.py",
"bz2 (module)",1,0.12,0.00,1.65,0.01,"bz2.py",
"contextlib (module)",1,0.01,0.00,0.13,0.01,"contextlib.py",
"abs",96,0.00,0.00,0.00,0.00,"builtins",
"wsgiref.headers.Headers",1,0.00,0.00,0.01,0.01,"headers.py",
"posixpath (module)",1,0.00,0.00,0.01,0.01,"posixpath.py",
"http.HTTPStatus",1,0.01,0.00,0.13,0.01,"__init__.py",
"round",12,0.00,0.00,0.00,0.00,"builtins",
"any",25,0.00,0.00,0.00,0.00,"builtins",
"importlib (module)",1,0.00,0.00,0.01,0.01,"__init__.py",
"os.__iter__",58,0.00,0.00,0.00,0.00,"os.py",
"threading.Event.set",2,0.00,0.00,0.01,0.00,"threading.py",
"signal.decorator",3,0.00,0.00,0.00,0.00,"signal.py",
"bottle.BaseResponse",1,0.00,0.00,0.01,0.01,"bottle.py",
"bottle.ConfigDict.__init__",8,0.00,0.00,0.00,0.00,"bottle.py",
"encodings.search_function",1,0.08,0.00,1.07,0.01,"__init__.py",
"enum.<lambda>",105,0.00,0.00,0.00,0.00,"enum.py",
"ssl.SSLSocket",1,0.00,0.00,0.01,0.01,"ssl.py",
"ssl.<lambda>",124,0.00,0.00,0.00,0.00,"ssl.py",
"ssl.<lambda>",124,0.00,0.00,0.00,0.00,"ssl.py",
"subprocess.Popen",1,0.00,0.00,0.01,0.01,"subprocess.py",
"re.Pattern.finditer",6,0.00,0.00,0.00,0.00,"Unidentifiable Method",
"str.lower",126,0.00,0.00,0.00,0.00,"Unidentifiable Method",
"_thread._set_sentinel",1,0.00,0.00,0.01,0.01,"_thread",
"math.log",2,0.00,0.00,0.00,0.00,"math",
"bottle.make_default_app_wrapper",12,0.00,0.00,0.00,0.00,"bottle.py",
"http.server.<dictcomp>",1,0.00,0.00,0.01,0.01,"server.py",
"mappingproxy.items",107,0.00,0.00,0.00,0.00,"Unidentifiable Method",
"_hashlib.openssl_sha1",1,0.00,0.00,0.01,0.01,"_hashlib",
"collections.abc (module)",1,0.00,0.00,0.01,0.01,"abc.py",
"random.Random",1,0.00,0.00,0.01,0.01,"random.py",
"bottle.makelist",24,0.00,0.00,0.00,0.00,"bottle.py",
"bottle.Router.build",5,0.00,0.00,0.00,0.00,"bottle.py",
"email.parser (module)",1,0.10,0.00,1.42,0.01,"parser.py",
"bottle.default",7,0.01,0.00,0.01,0.00,"bottle.py",
"re.Pattern.sub",1,0.00,0.00,0.01,0.01,"Unidentifiable Method",
"math.exp",1,0.00,0.00,0.01,0.01,"math",
"divmod",60,0.00,0.00,0.00,0.00,"builtins",
"code (module)",1,0.03,0.00,0.43,0.01,"code.py",
"email.message.Message",1,0.02,0.00,0.23,0.01,"message.py",
"json.decoder.JSONDecoder.__init__",1,0.00,0.00,0.01,0.01,"decoder.py",
"sre_parse.Tokenizer.getwhile",10,0.00,0.00,0.00,0.00,"sre_parse.py",
"bdb (module)",1,0.00,0.00,0.03,0.01,"bdb.py",
"ast._Precedence",1,0.00,0.00,0.05,0.01,"ast.py",
"bottle.HeaderDict",1,0.00,0.00,0.01,0.01,"bottle.py",
"bottle.Route.__init__",6,0.00,0.00,0.01,0.00,"bottle.py",
"<frozen importlib.ExtensionFileLoader.exec_module",7,0.00,0.00,0.00,0.00,"(frozen importlib._bootstrap_external)",
"bottle.Bottle",1,0.00,0.00,0.01,0.01,"bottle.py",
"<frozen importlib.get_filename",89,0.00,0.00,0.00,0.00,"(frozen importlib._bootstrap_external)",
"property.setter",18,0.00,0.00,0.00,0.00,"Unidentifiable Method",
"enum.__members__",16,0.00,0.00,0.00,0.00,"enum.py",
"http.server.BaseHTTPRequestHandler",1,0.00,0.00,0.01,0.00,"server.py",
"str.rsplit",6,0.00,0.00,0.00,0.00,"Unidentifiable Method",
"datetime.timezone",1,0.00,0.00,0.01,0.00,"datetime.py",
"http.server.SimpleHTTPRequestHandler",1,0.00,0.00,0.00,0.00,"server.py",
"selectors.register",1,15.16,0.00,215.33,0.00,"selectors.py",
"string (module)",1,0.03,0.00,0.37,0.00,"string.py",
"bottle.Bottle.add_route",6,0.02,0.00,0.05,0.00,"bottle.py",
"datetime.date",1,0.00,0.00,0.00,0.00,"datetime.py",
"traceback (module)",1,0.02,0.00,0.31,0.00,"traceback.py",
"dict.setdefault",20,0.00,0.00,0.00,0.00,"Unknown",
"codeop (module)",1,0.00,0.00,0.02,0.00,"codeop.py",
"enum.<genexpr>",40,0.00,0.00,0.00,0.00,"enum.py",
"selectors.close",1,0.00,0.00,0.01,0.00,"selectors.py",
"wsgiref.simple_server.make_server",1,0.36,0.00,5.15,0.00,"simple_server.py",
"ssl.__new__",4,0.00,0.00,0.01,0.00,"ssl.py",
"<frozen importlib.exec_module",16,0.01,0.00,0.01,0.00,"(frozen importlib._bootstrap)",
"str.upper",66,0.00,0.00,0.00,0.00,"Unidentifiable Method",
"threading.Thread._set_tstate_lock",1,0.00,0.00,0.01,0.00,"threading.py",
"bottle.HeaderProperty.__init__",5,0.00,0.00,0.00,0.00,"bottle.py",
"bottle.fset",6,0.00,0.00,0.00,0.00,"bottle.py",
"wsgiref.handlers.BaseHandler",1,0.01,0.00,0.08,0.00,"handlers.py",
"sorted",1,0.00,0.00,0.00,0.00,"builtins",
"bdb.Bdb",1,0.00,0.00,0.00,0.00,"bdb.py",
"ssl.SSLContext",1,0.00,0.00,0.01,0.00,"ssl.py",
"socketserver.TCPServer.server_close",1,0.00,0.00,0.04,0.00,"socketserver.py",
"sre_compile._bytes_to_codes",2,0.00,0.00,0.00,0.00,"sre_compile.py",
"vars",18,0.00,0.00,0.00,0.00,"builtins",
"list.insert",11,0.00,0.00,0.00,0.00,"Unidentifiable Method",
"selectors.__exit__",1,0.00,0.00,0.01,0.00,"selectors.py",
"bottle.Bottle.trigger_hook",7,0.00,0.00,0.00,0.00,"bottle.py",
"email.encoders (module)",1,0.02,0.00,0.29,0.00,"encoders.py",
"ntpath.splitdrive",4,0.00,0.00,0.00,0.00,"ntpath.py",
"bisect (module)",1,0.00,0.00,0.05,0.00,"bisect.py",
"wsgiref.simple_server.WSGIServer.setup_environ",1,0.00,0.00,0.00,0.00,"simple_server.py",
"bottle.ConfigDict._on_change",5,0.00,0.00,0.00,0.00,"bottle.py",
"http.client.HTTPConnection",1,0.00,0.00,0.00,0.00,"client.py",
"contextlib.contextmanager",2,0.00,0.00,0.00,0.00,"contextlib.py",
"uu (module)",1,0.00,0.00,0.02,0.00,"uu.py",
"encodings.normalize_encoding",1,0.00,0.00,0.01,0.00,"__init__.py",
"http (module)",1,0.03,0.00,0.45,0.00,"__init__.py",
"socket.socket",1,0.00,0.00,0.00,0.00,"socket.py",
"bottle.MakoTemplate",1,0.00,0.00,0.00,0.00,"bottle.py",
"dict.pop",40,0.00,0.00,0.00,0.00,"Unknown",
"set.pop",52,0.00,0.00,0.00,0.00,"Unidentifiable Method",
"signal.<lambda>",30,0.00,0.00,0.00,0.00,"signal.py",
"str.encode",8,0.00,0.00,0.00,0.00,"Unidentifiable Method",
"ssl.SSLObject",1,0.00,0.00,0.00,0.00,"ssl.py",
"os.check_str",60,0.00,0.00,0.00,0.00,"os.py",
"_hashlib.openssl_sha3_224",1,0.00,0.00,0.00,0.00,"_hashlib",
"bottle._stderr",3,0.01,0.00,0.05,0.00,"bottle.py",
"linecache (module)",1,0.00,0.00,0.00,0.00,"linecache.py",
"email.errors (module)",1,0.01,0.00,0.13,0.00,"errors.py",
"enum._generate_next_value_",17,0.00,0.00,0.00,0.00,"enum.py",
"bottle.route",6,0.00,0.00,0.00,0.00,"bottle.py",
"http.cookies.Morsel",1,0.00,0.00,0.00,0.00,"cookies.py",
"str.strip",35,0.00,0.00,0.00,0.00,"Unidentifiable Method",
"<frozen importlib._LoaderBasics.create_module",89,0.00,0.00,0.00,0.00,"(frozen importlib._bootstrap_external)",
"http.client.<dictcomp>",1,0.00,0.00,0.00,0.00,"client.py",
"_compat_pickle.<genexpr>",86,0.00,0.00,0.00,0.00,"_compat_pickle.py",
"datetime.__new__",2,0.00,0.00,0.00,0.00,"datetime.py",
"http.client.HTTPResponse",1,0.00,0.00,0.00,0.00,"client.py",
"repr",2,0.00,0.00,0.00,0.00,"builtins",
"datetime.timedelta",1,0.00,0.00,0.00,0.00,"datetime.py",
"datetime._check_date_fields",5,0.00,0.00,0.00,0.00,"datetime.py",
"<frozen importlib.ExtensionFileLoader.__init__",7,0.00,0.00,0.00,0.00,"(frozen importlib._bootstrap_external)",
"platform.uname_result",1,0.00,0.00,0.01,0.00,"platform.py",
"EnumMeta.mro",20,0.00,0.00,0.00,0.00,"Unidentifiable Method",
"bottle.ConfigDict.update",1,0.00,0.00,0.02,0.00,"bottle.py",
"bottle.Bottle.install",2,0.00,0.00,0.01,0.00,"bottle.py",
"abc.register",2,0.00,0.00,0.03,0.00,"abc.py",
"calendar.<listcomp>",1,0.00,0.00,0.00,0.00,"calendar.py",
"bottle.decorator",3,0.00,0.00,0.00,0.00,"bottle.py",
"email.charset.Charset.__init__",2,0.00,0.00,0.00,0.00,"charset.py",
"bottle.DictProperty.__call__",13,0.00,0.00,0.00,0.00,"bottle.py",
"bottle.StplParser",1,0.00,0.00,0.00,0.00,"bottle.py",
"email._parseaddr (module)",1,0.00,0.00,0.02,0.00,"_parseaddr.py",
"memoryview.cast",2,0.00,0.00,0.00,0.00,"Unidentifiable Method",
"email.base64mime (module)",1,0.00,0.00,0.00,0.00,"base64mime.py",
"datetime.time",1,0.00,0.00,0.00,0.00,"datetime.py",
"enum.value",53,0.00,0.00,0.00,0.00,"enum.py",
"cmd.Cmd",1,0.00,0.00,0.00,0.00,"cmd.py",
"datetime.__new__",2,0.00,0.00,0.00,0.00,"datetime.py",
"selectors.__init__",1,0.00,0.00,0.01,0.00,"selectors.py",
"socket.socket.close",1,0.00,0.00,0.03,0.00,"socket.py",
"bottle.Bottle.__setattr__",8,0.00,0.00,0.00,0.00,"bottle.py",
"tempfile.SpooledTemporaryFile",1,0.00,0.00,0.00,0.00,"tempfile.py",
"contextlib.suppress",1,0.00,0.00,0.00,0.00,"contextlib.py",
"os._get_exports_list",1,0.00,0.00,0.02,0.00,"os.py",
"_weakrefset (module)",1,0.00,0.00,0.02,0.00,"_weakrefset.py",
"threading.Condition.notify",2,0.00,0.00,0.00,0.00,"threading.py",
"bottle.Router._compile",1,0.00,0.00,0.05,0.00,"bottle.py",
"bottle.Route",1,0.00,0.00,0.01,0.00,"bottle.py",
"inspect._ParameterKind",1,0.00,0.00,0.02,0.00,"inspect.py",
"quopri (module)",1,0.00,0.00,0.00,0.00,"quopri.py",
"sys._getframe",17,0.00,0.00,0.00,0.00,"sys",
"bottle.ServerAdapter.__repr__",1,0.00,0.00,0.00,0.00,"bottle.py",
"cmd (module)",1,0.00,0.00,0.01,0.00,"cmd.py",
"weakref.WeakValueDictionary",1,0.00,0.00,0.00,0.00,"weakref.py",
"functools.cached_property.__init__",1,0.00,0.00,0.00,0.00,"functools.py",
"ntpath.normpath",1,0.00,0.00,0.01,0.00,"ntpath.py",
"ssl.TLSVersion",1,0.00,0.00,0.01,0.00,"ssl.py",
"ssl._TLSAlertType",1,0.00,0.00,0.05,0.00,"ssl.py",
"calendar._localized_day",1,0.00,0.00,0.00,0.00,"calendar.py",
"tempfile.TemporaryDirectory",1,0.00,0.00,0.00,0.00,"tempfile.py",
"bz2.BZ2File",1,0.00,0.00,0.00,0.00,"bz2.py",
"set.union",1,0.00,0.00,0.00,0.00,"Unidentifiable Method",
"threading.Event.clear",1,0.00,0.00,0.00,0.00,"threading.py",
"bottle.ConfigDict",1,0.00,0.00,0.00,0.00,"bottle.py",
"bytes.split",1,0.00,0.00,0.00,0.00,"Unidentifiable Method",
"email.iterators (module)",1,0.00,0.00,0.00,0.00,"iterators.py",
"lzma.LZMAFile",1,0.00,0.00,0.00,0.00,"lzma.py",
"datetime.__new__",3,0.00,0.00,0.00,0.00,"datetime.py",
"inspect.Signature",1,0.00,0.00,0.00,0.00,"inspect.py",
"socketserver.TCPServer.server_activate",1,0.00,0.00,0.03,0.00,"socketserver.py",
"wsgiref.util (module)",1,0.00,0.00,0.01,0.00,"util.py",
"ntpath.split",1,0.00,0.00,0.01,0.00,"ntpath.py",
"random.Random.seed",1,0.00,0.00,0.01,0.00,"random.py",
"bottle.update_wrapper",5,0.00,0.00,0.00,0.00,"bottle.py",
"calendar._localized_month",1,0.00,0.00,0.01,0.00,"calendar.py",
"encodings.idna.Codec.encode",1,0.00,0.00,0.01,0.00,"idna.py",
"_compression (module)",1,0.00,0.00,0.04,0.00,"_compression.py",
"bottle.BaseRequest.__init__",1,0.00,0.00,0.01,0.00,"bottle.py",
"email._policybase.<genexpr>",10,0.00,0.00,0.00,0.00,"_policybase.py",
"platform._sys_version",1,0.00,0.00,0.01,0.00,"platform.py",
"_weakrefset.WeakSet",1,0.00,0.00,0.00,0.00,"_weakrefset.py",
"datetime._check_int_field",35,0.00,0.00,0.00,0.00,"datetime.py",
"enum._missing_",4,0.00,0.00,0.02,0.00,"enum.py",
"selectors.__init__",1,0.00,0.00,0.00,0.00,"selectors.py",
"inspect.Parameter",1,0.00,0.00,0.00,0.00,"inspect.py",
"wsgiref.headers (module)",1,0.01,0.00,0.10,0.00,"headers.py",
"calendar.Calendar",1,0.00,0.00,0.00,0.00,"calendar.py",
"bottle._global_config",1,0.00,0.00,0.00,0.00,"bottle.py",
"bottle.ConfigDict._iter_overlays",35,0.00,0.00,0.00,0.00,"bottle.py",
"datetime._check_time_fields",5,0.00,0.00,0.00,0.00,"datetime.py",
"re.escape",8,0.00,0.00,0.00,0.00,"re.py",
"threading.Event.__init__",2,0.00,0.00,0.01,0.00,"threading.py",
"urllib.parse._NetlocResultMixinBase",1,0.00,0.00,0.00,0.00,"parse.py",
"bottle.AppStack.__call__",7,0.01,0.00,0.01,0.00,"bottle.py",
"<frozen importlib._path_isdir",8,0.00,0.00,0.01,0.00,"(frozen importlib._bootstrap_external)",
"bottle._hooks",1,0.00,0.00,0.00,0.00,"bottle.py",
"http.client.HTTPSConnection",1,0.00,0.00,0.00,0.00,"client.py",
"enum.__iter__",4,0.00,0.00,0.00,0.00,"enum.py",
"re.Match.groups",2,0.00,0.00,0.00,0.00,"Unidentifiable Method",
"_compat_pickle.<genexpr>",43,0.00,0.00,0.00,0.00,"_compat_pickle.py",
"threading.Condition.__exit__",3,0.00,0.00,0.00,0.00,"threading.py",
"_collections_abc.items",1,0.00,0.00,0.00,0.00,"_collections_abc.py",
"hashlib.__get_builtin_constructor",2,0.00,0.00,0.02,0.00,"hashlib.py",
"socketserver.BaseServer",1,0.00,0.00,0.00,0.00,"socketserver.py",
"<frozen importlib.is_package",16,0.00,0.00,0.00,0.00,"(frozen importlib._bootstrap)",
"datetime._days_before_year",3,0.00,0.00,0.00,0.00,"datetime.py",
"ssl._sslcopydoc",15,0.00,0.00,0.00,0.00,"ssl.py",
"threading.Condition.notify_all",2,0.00,0.00,0.00,0.00,"threading.py",
"wsgiref.simple_server.WSGIRequestHandler",1,0.00,0.00,0.00,0.00,"simple_server.py",
"json.encoder.JSONEncoder.__init__",1,0.00,0.00,0.00,0.00,"encoder.py",
"memoryview.tolist",2,0.00,0.00,0.00,0.00,"Unidentifiable Method",
"selectors.BaseSelector",1,0.00,0.00,0.00,0.00,"selectors.py",
"_abc._abc_register",2,0.00,0.00,0.02,0.00,"_abc",
"_hashlib.openssl_sha256",1,0.00,0.00,0.00,0.00,"_hashlib",
"_thread.lock.__enter__",3,0.00,0.00,0.00,0.00,"Unidentifiable Method",
"calendar.<listcomp>",1,0.00,0.00,0.00,0.00,"calendar.py",
"dict.get",20,0.00,0.00,0.00,0.00,"Unknown",
"random.__init_subclass__",1,0.00,0.00,0.00,0.00,"random.py",
"re.Match.start",1,0.00,0.00,0.00,0.00,"Unidentifiable Method",
"ssl._TLSMessageType",1,0.00,0.00,0.03,0.00,"ssl.py",
"threading.Condition.__enter__",3,0.00,0.00,0.00,0.00,"threading.py",
"bottle.__init__",1,0.00,0.00,0.00,0.00,"bottle.py",
"bottle.BaseRequest.__setattr__",1,0.00,0.00,0.00,0.00,"bottle.py",
"bottle.fget",1,0.00,0.00,0.00,0.00,"bottle.py",
"_collections_abc.__contains__",1,0.00,0.00,0.00,0.00,"_collections_abc.py",
"platform.python_implementation",1,0.00,0.00,0.01,0.00,"platform.py",
"set.discard",5,0.00,0.00,0.00,0.00,"Unidentifiable Method",
"socketserver.BaseServer.__init__",1,0.00,0.00,0.01,0.00,"socketserver.py",
"email._policybase.Policy",1,0.00,0.00,0.00,0.00,"_policybase.py",
"functools.decorating_function",1,0.00,0.00,0.01,0.00,"functools.py",
"random.SystemRandom",1,0.00,0.00,0.00,0.00,"random.py",
"bottle.AppStack.push",1,0.00,0.00,0.07,0.00,"bottle.py",
"bottle.cached_property.__get__",1,0.00,0.00,0.00,0.00,"bottle.py",
"bottle.ConfigDict._define",4,0.00,0.00,0.00,0.00,"bottle.py",
"dict.clear",1,0.00,0.00,0.00,0.00,"Unidentifiable Method",
"math.sqrt",1,0.00,0.00,0.00,0.00,"math",
"bottle._set_status",1,0.00,0.00,0.00,0.00,"bottle.py",
"socket.socket._real_close",1,0.00,0.00,0.03,0.00,"socket.py",
"bottle.<listcomp>",7,0.00,0.00,0.00,0.00,"bottle.py",
"platform._Processor",1,0.00,0.00,0.00,0.00,"platform.py",
"globals",19,0.00,0.00,0.00,0.00,"builtins",
"str.title",5,0.00,0.00,0.00,0.00,"Unidentifiable Method",
"__future__._Feature.__init__",10,0.00,0.00,0.00,0.00,"__future__.py",
"bottle.cached_property.__init__",5,0.00,0.00,0.00,0.00,"bottle.py",
"bottle.Router",1,0.02,0.00,0.31,0.00,"bottle.py",
"selectors.SelectSelector",1,0.00,0.00,0.00,0.00,"selectors.py",
"bottle.JSONPlugin.setup",1,0.00,0.00,0.01,0.00,"bottle.py",
"warnings.catch_warnings",1,0.00,0.00,0.00,0.00,"warnings.py",
"_hashlib.openssl_sha3_256",1,0.00,0.00,0.00,0.00,"_hashlib",
"bottle.ConfigDict.load_dict",6,0.00,0.00,0.00,0.00,"bottle.py",
"bottle.DictProperty.__init__",14,0.00,0.00,0.00,0.00,"bottle.py",
"inspect.BoundArguments",1,0.00,0.00,0.00,0.00,"inspect.py",
"bottle.BaseResponse.__init__",1,0.00,0.00,0.00,0.00,"bottle.py",
"_hashlib.openssl_sha224",1,0.00,0.00,0.00,0.00,"_hashlib",
"bottle.ConfigDict.meta_set",8,0.00,0.00,0.00,0.00,"bottle.py",
"bottle.FileUpload",1,0.00,0.00,0.01,0.00,"bottle.py",
"ntpath.join",1,0.00,0.00,0.00,0.00,"ntpath.py",
"set.__contains__",57,0.00,0.00,0.00,0.00,"Unidentifiable Method",
"sre_parse._parse_flags",2,0.00,0.00,0.00,0.00,"sre_parse.py",
"bottle._ImportRedirect.__init__",1,0.00,0.00,0.00,0.00,"bottle.py",
"configparser.ConverterMapping",1,0.00,0.00,0.04,0.00,"configparser.py",
"opcode.name_op",12,0.00,0.00,0.00,0.00,"opcode.py",
"_hashlib.openssl_sha3_384",1,0.00,0.00,0.00,0.00,"_hashlib",
"subprocess.CalledProcessError",1,0.00,0.00,0.00,0.00,"subprocess.py",
"bottle.MultiDict",1,0.00,0.00,0.00,0.00,"bottle.py",
"calendar.Calendar.__init__",1,0.00,0.00,0.00,0.00,"calendar.py",
"codecs.__new__",1,0.00,0.00,0.00,0.00,"codecs.py",
"_hashlib.openssl_shake_256",1,0.00,0.00,0.00,0.00,"_hashlib",
"ntpath.abspath",1,0.00,0.00,0.01,0.00,"ntpath.py",
"threading._maintain_shutdown_locks",1,0.00,0.00,0.00,0.00,"threading.py",
"threading.Condition",1,0.00,0.00,0.00,0.00,"threading.py",
"_hashlib.openssl_sha3_512",1,0.00,0.00,0.00,0.00,"_hashlib",
"_weakrefset.WeakSet.__init__",1,0.00,0.00,0.00,0.00,"_weakrefset.py",
"configparser.SectionProxy",1,0.00,0.00,0.00,0.00,"configparser.py",
"datetime._days_in_month",5,0.00,0.00,0.00,0.00,"datetime.py",
"socket.SocketIO",1,0.00,0.00,0.00,0.00,"socket.py",
"threading.RLock",1,0.00,0.00,0.00,0.00,"threading.py",
"signal.<lambda>",31,0.00,0.00,0.00,0.00,"signal.py",
"socketserver.BaseServer.service_actions",3,0.00,0.00,0.00,0.00,"socketserver.py",
"weakref.WeakKeyDictionary",1,0.00,0.00,0.00,0.00,"weakref.py",
"<string>.<lambda>",1,0.00,0.00,0.00,0.00,"(string)",
"abc.abstractmethod",11,0.00,0.00,0.00,0.00,"abc.py",
"contextlib.AbstractContextManager",1,0.00,0.00,0.00,0.00,"contextlib.py",
"bottle.TemplatePlugin",1,0.00,0.00,0.00,0.00,"bottle.py",
"_thread.get_native_id",1,0.00,0.00,0.00,0.00,"_thread",
"bottle._re_flatten",1,0.01,0.00,0.08,0.00,"bottle.py",
"random.Random.__init__",1,0.00,0.00,0.02,0.00,"random.py",
"_hashlib.openssl_shake_128",1,0.00,0.00,0.00,0.00,"_hashlib",
"bottle.AppStack",1,0.00,0.00,0.00,0.00,"bottle.py",
"codeop.<listcomp>",1,0.00,0.00,0.00,0.00,"codeop.py",
"email.charset.Charset",1,0.00,0.00,0.00,0.00,"charset.py",
"weakref.WeakMethod",1,0.00,0.00,0.00,0.00,"weakref.py",
"bottle.LocalRequest",1,0.00,0.00,0.01,0.00,"bottle.py",
"configparser.ParsingError",1,0.00,0.00,0.00,0.00,"configparser.py",
"http.server.CGIHTTPRequestHandler",1,0.00,0.00,0.00,0.00,"server.py",
"nt._getfullpathname",1,0.00,0.00,0.00,0.00,"nt",
"socketserver.TCPServer",1,0.00,0.00,0.00,0.00,"socketserver.py",
"traceback.FrameSummary",1,0.00,0.00,0.00,0.00,"traceback.py",
"mappingproxy.values",2,0.00,0.00,0.00,0.00,"Unidentifiable Method",
"tempfile._TemporaryFileWrapper",1,0.00,0.00,0.00,0.00,"tempfile.py",
"bottle._MultipartPart",1,0.00,0.00,0.00,0.00,"bottle.py",
"bottle.Bottle.post",1,0.00,0.00,0.00,0.00,"bottle.py",
"bottle.SimpleTemplate",1,0.00,0.00,0.00,0.00,"bottle.py",
"datetime.date.toordinal",1,0.00,0.00,0.00,0.00,"Unidentifiable Method",
"threading.Barrier",1,0.00,0.00,0.00,0.00,"threading.py",
"traceback.TracebackException",1,0.00,0.00,0.00,0.00,"traceback.py",
"email._encoded_words._QByteMap",1,0.00,0.00,0.00,0.00,"_encoded_words.py",
"email._parseaddr.AddressList",1,0.00,0.00,0.00,0.00,"_parseaddr.py",
"email.feedparser.BufferedSubFile",1,0.00,0.00,0.00,0.00,"feedparser.py",
"urllib.parse._fix_result_transcoding",1,0.00,0.00,0.00,0.00,"parse.py",
"configparser.LegacyInterpolation",1,0.00,0.00,0.04,0.00,"configparser.py",
"contextlib._BaseExitStack",1,0.00,0.00,0.00,0.00,"contextlib.py",
"str.isalnum",4,0.00,0.00,0.00,0.00,"Unidentifiable Method",
"bottle.BaseTemplate",1,0.00,0.00,0.00,0.00,"bottle.py",
"_thread.lock.acquire",3,0.00,0.00,0.00,0.00,"Unidentifiable Method",
"bottle.<genexpr>",2,0.00,0.00,0.00,0.00,"bottle.py",
"calendar.IllegalMonthError",1,0.00,0.00,0.00,0.00,"calendar.py",
"email.feedparser.FeedParser",1,0.00,0.00,0.00,0.00,"feedparser.py",
"_compression.DecompressReader",1,0.00,0.00,0.00,0.00,"_compression.py",
"bottle.ConfigDict.setdefault",4,0.00,0.00,0.00,0.00,"bottle.py",
"http.cookies.BaseCookie",1,0.00,0.00,0.00,0.00,"cookies.py",
"socketserver._SocketWriter",1,0.00,0.00,0.00,0.00,"socketserver.py",
"bottle.AiohttpServer",1,0.00,0.00,0.00,0.00,"bottle.py",
"datetime.IsoCalendarDate",1,0.00,0.00,0.00,0.00,"datetime.py",
"ast.__init__",5,0.00,0.00,0.00,0.00,"ast.py",
"calendar.LocaleTextCalendar",1,0.00,0.00,0.00,0.00,"calendar.py",
"ssl._ASN1Object",1,0.00,0.00,0.00,0.00,"ssl.py",
"ssl._TLSContentType",1,0.00,0.00,0.01,0.00,"ssl.py",
"threading.Timer",1,0.00,0.00,0.00,0.00,"threading.py",
"selectors._fileobj_lookup",1,15.16,0.00,215.31,0.00,"selectors.py",
"bottle.<lambda>",9,0.00,0.00,0.00,0.00,"bottle.py",
"email.header._Accumulator",1,0.00,0.00,0.00,0.00,"header.py",
"re.sub",1,0.01,0.00,0.08,0.00,"re.py",
"string.Template",1,0.00,0.00,0.00,0.00,"string.py",
"bottle.ConfigDict.meta_get",5,0.00,0.00,0.00,0.00,"bottle.py",
"datetime.timedelta.__neg__",2,0.00,0.00,0.00,0.00,"datetime.py",
"bottle.<lambda>",1,0.00,0.00,0.00,0.00,"bottle.py",
"bottle.LocalResponse",1,0.00,0.00,0.00,0.00,"bottle.py",
"dict.copy",1,0.00,0.00,0.00,0.00,"Unidentifiable Method",
"sys.getfilesystemencoding",1,0.00,0.00,0.00,0.00,"sys",
"_collections_abc.__subclasshook__",7,0.00,0.00,0.00,0.00,"_collections_abc.py",
"dis.Bytecode",1,0.00,0.00,0.00,0.00,"dis.py",
"subprocess.CompletedProcess",1,0.00,0.00,0.00,0.00,"subprocess.py",
"__future__._Feature",1,0.00,0.00,0.00,0.00,"__future__.py",
"email.header._ValueFormatter",1,0.00,0.00,0.00,0.00,"header.py",
"string.Formatter",1,0.00,0.00,0.00,0.00,"string.py",
"<frozen importlib._lock_unlock_module",2,0.00,0.00,0.00,0.00,"(frozen importlib._bootstrap)",
"bdb.Breakpoint",1,0.00,0.00,0.00,0.00,"bdb.py",
"bottle._ImportRedirect.find_spec",3,0.00,0.00,0.00,0.00,"bottle.py",
"bottle.MeinheldServer",1,0.00,0.00,0.00,0.00,"bottle.py",
"bottle.WSGIHeaderDict",1,0.00,0.00,0.00,0.00,"bottle.py",
"calendar.HTMLCalendar",1,0.00,0.00,0.00,0.00,"calendar.py",
"configparser.BasicInterpolation",1,0.00,0.00,0.07,0.00,"configparser.py",
"email._parseaddr.AddrlistClass",1,0.00,0.00,0.00,0.00,"_parseaddr.py",
"ntpath.dirname",1,0.00,0.00,0.01,0.00,"ntpath.py",
"opcode.jabs_op",6,0.00,0.00,0.00,0.00,"opcode.py",
"threading._RLock",1,0.00,0.00,0.00,0.00,"threading.py",
"contextlib.AsyncExitStack",1,0.00,0.00,0.00,0.00,"contextlib.py",
"email (module)",1,0.00,0.00,0.00,0.00,"__init__.py",
"mimetypes.MimeTypes",1,0.00,0.00,0.00,0.00,"mimetypes.py",
"bottle.lazy_attribute.__get__",1,0.00,0.00,0.00,0.00,"bottle.py",
"calendar.TextCalendar",1,0.00,0.00,0.00,0.00,"calendar.py",
"selectors._BaseSelectorImpl",1,0.00,0.00,0.00,0.00,"selectors.py",
"tempfile._RandomNameSequence",1,0.00,0.00,0.00,0.00,"tempfile.py",
"bottle.Bottle.reset",2,0.00,0.00,0.00,0.00,"bottle.py",
"email._policybase._PolicyBase",1,0.00,0.00,0.00,0.00,"_policybase.py",
"json.decoder.JSONDecoder",1,0.00,0.00,0.00,0.00,"decoder.py",
"ssl.Purpose",1,0.00,0.00,0.01,0.00,"ssl.py",
"_collections_abc.get",2,0.00,0.00,0.00,0.00,"_collections_abc.py",
"_hashlib.openssl_sha384",1,0.00,0.00,0.00,0.00,"_hashlib",
"<string>.<lambda>",4,0.00,0.00,0.00,0.00,"(string)",
"bottle.FormsDict",1,0.00,0.00,0.00,0.00,"bottle.py",
"code.InteractiveInterpreter",1,0.00,0.00,0.00,0.00,"code.py",
"pickle._Framer",1,0.00,0.00,0.00,0.00,"pickle.py",
"set.difference_update",1,0.00,0.00,0.00,0.00,"Unidentifiable Method",
"bottle.<listcomp>",5,0.00,0.00,0.00,0.00,"bottle.py",
"bottle.DictProperty",1,0.00,0.00,0.00,0.00,"bottle.py",
"configparser.ConfigParser",1,0.00,0.00,0.00,0.00,"configparser.py",
"configparser.DuplicateOptionError",1,0.00,0.00,0.00,0.00,"configparser.py",
"email.header.Header",1,0.00,0.00,0.00,0.00,"header.py",
"subprocess.TimeoutExpired",1,0.00,0.00,0.00,0.00,"subprocess.py",
"tempfile._TemporaryFileCloser",1,0.00,0.00,0.00,0.00,"tempfile.py",
"_sre.unicode_iscased",5,0.00,0.00,0.00,0.00,"_sre",
"bottle.ResourceManager.__init__",1,0.00,0.00,0.00,0.00,"bottle.py",
"contextlib.AbstractAsyncContextManager",1,0.00,0.00,0.00,0.00,"contextlib.py",
"opcode.jrel_op",5,0.00,0.00,0.00,0.00,"opcode.py",
"bottle.ResourceManager",1,0.00,0.00,0.00,0.00,"bottle.py",
"configparser.ExtendedInterpolation",1,0.01,0.00,0.07,0.00,"configparser.py",
"email._policybase.Compat32",1,0.00,0.00,0.00,0.00,"_policybase.py",
"email.message.EmailMessage",1,0.00,0.00,0.00,0.00,"message.py",
"selectors._PollLikeSelector",1,0.00,0.00,0.00,0.00,"selectors.py",
"ast.NodeVisitor",1,0.00,0.00,0.00,0.00,"ast.py",
"wsgiref.simple_server.WSGIServer",1,0.00,0.00,0.00,0.00,"simple_server.py",
"EnumMeta.mro",5,0.00,0.00,0.00,0.00,"Unknown",
"_compression.BaseStream",1,0.00,0.00,0.00,0.00,"_compression.py",
"_hashlib.openssl_sha512",1,0.00,0.00,0.00,0.00,"_hashlib",
"bottle.HeaderProperty",1,0.00,0.00,0.00,0.00,"bottle.py",
"datetime._create",3,0.00,0.00,0.00,0.00,"datetime.py",
"functools.lru_cache",1,0.00,0.00,0.00,0.00,"functools.py",
"selectors._SelectorMapping",1,0.00,0.00,0.00,0.00,"selectors.py",
"str.lstrip",1,0.00,0.00,0.00,0.00,"Unidentifiable Method",
"_weakrefset.WeakSet.add",1,0.00,0.00,0.00,0.00,"_weakrefset.py",
"bottle.ServerAdapter.__init__",1,0.00,0.00,0.00,0.00,"bottle.py",
"code.InteractiveConsole",1,0.00,0.00,0.00,0.00,"code.py",
"pprint._safe_key",1,0.00,0.00,0.00,0.00,"pprint.py",
"wsgiref.handlers.SimpleHandler",1,0.00,0.00,0.00,0.00,"handlers.py",
"email.parser.Parser",1,0.00,0.00,0.00,0.00,"parser.py",
"enum.<lambda>",9,0.00,0.00,0.00,0.00,"enum.py",
"inspect._ClassFinder",1,0.00,0.00,0.00,0.00,"inspect.py",
"selectors.__init__",1,0.00,0.00,0.00,0.00,"selectors.py",
"socketserver.ThreadingMixIn",1,0.00,0.00,0.00,0.00,"socketserver.py",
"wsgiref.util.FileWrapper",1,0.00,0.00,0.00,0.00,"util.py",
"bottle.<genexpr>",5,0.00,0.00,0.00,0.00,"bottle.py",
"datetime.tzinfo",1,0.00,0.00,0.00,0.00,"datetime.py",
"socketserver._Threads",1,0.00,0.00,0.00,0.00,"socketserver.py",
"socketserver.UDPServer",1,0.00,0.00,0.00,0.00,"socketserver.py",
"ssl.<dictcomp>",1,0.00,0.00,0.00,0.00,"ssl.py",
"subprocess.Handle",1,0.00,0.00,0.00,0.00,"subprocess.py",
"threading._make_invoke_excepthook",1,0.00,0.00,0.00,0.00,"threading.py",
"threading.Condition._is_owned",2,0.00,0.00,0.00,0.00,"threading.py",
"bottle.JSONPlugin",1,0.00,0.00,0.00,0.00,"bottle.py",
"bottle.lazy_attribute.__init__",1,0.00,0.00,0.00,0.00,"bottle.py",
"threading.Thread._set_native_id",1,0.00,0.00,0.00,0.00,"threading.py",
"urllib.parse.Quoter",1,0.00,0.00,0.00,0.00,"parse.py",
"_collections_abc.__init__",1,0.00,0.00,0.00,0.00,"_collections_abc.py",
"bottle.FixedHandler",1,0.00,0.00,0.00,0.00,"bottle.py",
"bottle.HTTPResponse",1,0.00,0.00,0.00,0.00,"bottle.py",
"contextlib.nullcontext",1,0.00,0.00,0.00,0.00,"contextlib.py",
"bottle._ImportRedirect",1,0.00,0.00,0.00,0.00,"bottle.py",
"configparser.Error",1,0.00,0.00,0.00,0.00,"configparser.py",
"pickle._Unframer",1,0.00,0.00,0.00,0.00,"pickle.py",
"re.Match.group",2,0.00,0.00,0.00,0.00,"Unidentifiable Method",
"weakref.KeyedRef",1,0.00,0.00,0.00,0.00,"weakref.py",
"bottle.<listcomp>",7,0.00,0.00,0.00,0.00,"bottle.py",
"bottle.AutoServer",1,0.00,0.00,0.00,0.00,"bottle.py",
"sre_parse.SubPattern.__delitem__",2,0.00,0.00,0.00,0.00,"sre_parse.py",
"threading.Event",1,0.00,0.00,0.00,0.00,"threading.py",
"urllib.parse._NetlocResultMixinStr",1,0.00,0.00,0.00,0.00,"parse.py",
"_sre.ascii_tolower",4,0.00,0.00,0.00,0.00,"_sre",
"calendar._localized_day.__init__",2,0.00,0.00,0.00,0.00,"calendar.py",
"contextlib.closing",1,0.00,0.00,0.00,0.00,"contextlib.py",
"subprocess.STARTUPINFO",1,0.00,0.00,0.00,0.00,"subprocess.py",
"threading.Semaphore",1,0.00,0.00,0.00,0.00,"threading.py",
"urllib.parse._ResultMixinStr",1,0.00,0.00,0.00,0.00,"parse.py",
"wsgiref.simple_server.ServerHandler",1,0.00,0.00,0.00,0.00,"simple_server.py",
"wsgiref.simple_server.WSGIServer.set_app",1,0.00,0.00,0.00,0.00,"simple_server.py",
"<string> (module)",1,0.00,0.00,0.00,0.00,"(string)",
"bdb.Tdb",1,0.00,0.00,0.00,0.00,"bdb.py",
"bottle.FileCheckerThread",1,0.00,0.00,0.00,0.00,"bottle.py",
"codeop.Compile",1,0.00,0.00,0.00,0.00,"codeop.py",
"wsgiref.handlers.CGIHandler",1,0.00,0.00,0.00,0.00,"handlers.py",
"ast._ABC",1,0.00,0.00,0.00,0.00,"ast.py",
"bottle._closeiter",1,0.00,0.00,0.00,0.00,"bottle.py",
"bottle.HTTPError",1,0.00,0.00,0.00,0.00,"bottle.py",
"bottle.view",3,0.00,0.00,0.00,0.00,"bottle.py",
"configparser.Interpolation",1,0.00,0.00,0.00,0.00,"configparser.py",
"enum.<genexpr>",5,0.00,0.00,0.00,0.00,"enum.py",
"http.client.IncompleteRead",1,0.00,0.00,0.00,0.00,"client.py",
"selectors._can_use",4,0.00,0.00,0.00,0.00,"selectors.py",
"socketserver.StreamRequestHandler",1,0.00,0.00,0.00,0.00,"socketserver.py",
"_weakrefset._IterationGuard",1,0.00,0.00,0.00,0.00,"_weakrefset.py",
"<string> (module)",1,0.00,0.00,0.00,0.00,"(string)",
"bottle._MultipartParser",1,0.00,0.00,0.00,0.00,"bottle.py",
"bottle.Jinja2Template",1,0.00,0.00,0.00,0.00,"bottle.py",
"dis.Instruction",1,0.00,0.00,0.00,0.00,"dis.py",
"email.errors.MessageDefect",1,0.00,0.00,0.00,0.00,"errors.py",
"http.client.HTTPMessage",1,0.00,0.00,0.00,0.00,"client.py",
"threading._DummyThread",1,0.00,0.00,0.00,0.00,"threading.py",
"urllib.parse._NetlocResultMixinBytes",1,0.00,0.00,0.00,0.00,"parse.py",
"_sre.ascii_iscased",4,0.00,0.00,0.00,0.00,"_sre",
"<string> (module)",1,0.00,0.00,0.00,0.00,"(string)",
"calendar.LocaleHTMLCalendar",1,0.00,0.00,0.00,0.00,"calendar.py",
"encodings.idna.Codec",1,0.00,0.00,0.00,0.00,"idna.py",
"shutil.Error",1,0.00,0.00,0.00,0.00,"shutil.py",
"signal._wraps",3,0.00,0.00,0.00,0.00,"signal.py",
"socketserver.BaseRequestHandler",1,0.00,0.00,0.00,0.00,"socketserver.py",
"uu.Error",1,0.00,0.00,0.00,0.00,"uu.py",
"ast.Str",1,0.00,0.00,0.00,0.00,"ast.py",
"contextlib.ExitStack",1,0.00,0.00,0.00,0.00,"contextlib.py",
"datetime._check_tzinfo_arg",5,0.00,0.00,0.00,0.00,"datetime.py",
"json.decoder.JSONDecodeError",1,0.00,0.00,0.00,0.00,"decoder.py",
"pickle.PickleError",1,0.00,0.00,0.00,0.00,"pickle.py",
"ast.NameConstant",1,0.00,0.00,0.00,0.00,"ast.py",
"bottle.RouteSyntaxError",1,0.00,0.00,0.00,0.00,"bottle.py",
"bottle.ServerAdapter",1,0.00,0.00,0.00,0.00,"bottle.py",
"configparser.SafeConfigParser",1,0.00,0.00,0.00,0.00,"configparser.py",
"contextlib._RedirectStream",1,0.00,0.00,0.00,0.00,"contextlib.py",
"email.errors.NonPrintableDefect",1,0.00,0.00,0.00,0.00,"errors.py",
"http.cookies.SimpleCookie",1,0.00,0.00,0.00,0.00,"cookies.py",
"_thread.RLock.__exit__",1,0.00,0.00,0.00,0.00,"Unidentifiable Method",
"ast.Bytes",1,0.00,0.00,0.00,0.00,"ast.py",
"bdb.BdbQuit",1,0.00,0.00,0.00,0.00,"bdb.py",
"bottle.AsyncioServerAdapter",1,0.00,0.00,0.00,0.00,"bottle.py",
"bottle.CGIServer",1,0.00,0.00,0.00,0.00,"bottle.py",
"bottle.CherryPyServer",1,0.00,0.00,0.00,0.00,"bottle.py",
"copy.Error",1,0.00,0.00,0.00,0.00,"copy.py",
"email.feedparser.BytesFeedParser",1,0.00,0.00,0.00,0.00,"feedparser.py",
"email.parser.BytesParser",1,0.00,0.00,0.00,0.00,"parser.py",
"http.cookies.CookieError",1,0.00,0.00,0.00,0.00,"cookies.py",
"http.server.HTTPServer",1,0.00,0.00,0.00,0.00,"server.py",
"inspect.BlockFinder",1,0.00,0.00,0.00,0.00,"inspect.py",
"re.Match.end",1,0.00,0.00,0.00,0.00,"Unidentifiable Method",
"subprocess.SubprocessError",1,0.00,0.00,0.00,0.00,"subprocess.py",
"warnings._OptionError",1,0.00,0.00,0.00,0.00,"warnings.py",
"wsgiref (module)",1,0.00,0.00,0.00,0.00,"__init__.py",
"<string> (module)",1,0.00,0.00,0.00,0.00,"(string)",
"ast.ExtSlice",1,0.00,0.00,0.00,0.00,"ast.py",
"ast.NodeTransformer",1,0.00,0.00,0.00,0.00,"ast.py",
"ast.Num",1,0.00,0.00,0.00,0.00,"ast.py",
"bottle.<listcomp>",1,0.00,0.00,0.00,0.00,"bottle.py",
"bottle.cached_property",1,0.00,0.00,0.00,0.00,"bottle.py",
"bottle.EventletServer",1,0.00,0.00,0.00,0.00,"bottle.py",
"bottle.JSONPlugin.__init__",1,0.00,0.00,0.00,0.00,"bottle.py",
"bottle.lazy_attribute",1,0.00,0.00,0.00,0.00,"bottle.py",
"bottle.MultipartError",1,0.00,0.00,0.00,0.00,"bottle.py",
"calendar.Calendar.setfirstweekday",1,0.00,0.00,0.00,0.00,"calendar.py",
"calendar.different_locale",1,0.00,0.00,0.00,0.00,"calendar.py",
"email._policybase._PolicyBase.__init__",1,0.00,0.00,0.00,0.00,"_policybase.py",
"email.errors.HeaderDefect",1,0.00,0.00,0.00,0.00,"errors.py",
"email.errors.MessageError",1,0.00,0.00,0.00,0.00,"errors.py",
"enum._make_class_unpicklable",1,0.00,0.00,0.00,0.00,"enum.py",
"inspect._void",1,0.00,0.00,0.00,0.00,"inspect.py",
"pdb._rstr",1,0.00,0.00,0.00,0.00,"pdb.py",
"pdb.Restart",1,0.00,0.00,0.00,0.00,"pdb.py",
"socket._GiveupOnSendfile",1,0.00,0.00,0.00,0.00,"socket.py",
"socketserver.DatagramRequestHandler",1,0.00,0.00,0.00,0.00,"socketserver.py",
"<string> (module)",1,0.00,0.00,0.00,0.00,"(string)",
"ast.Index",1,0.00,0.00,0.00,0.00,"ast.py",
"bottle.<genexpr>",2,0.00,0.00,0.00,0.00,"bottle.py",
"bottle.AppEngineServer",1,0.00,0.00,0.00,0.00,"bottle.py",
"bottle.BjoernServer",1,0.00,0.00,0.00,0.00,"bottle.py",
"bottle.DieselServer",1,0.00,0.00,0.00,0.00,"bottle.py",
"bottle.FapwsServer",1,0.00,0.00,0.00,0.00,"bottle.py",
"codeop.CommandCompiler",1,0.00,0.00,0.00,0.00,"codeop.py",
"configparser.NoSectionError",1,0.00,0.00,0.00,0.00,"configparser.py",
"contextlib.ContextDecorator",1,0.00,0.00,0.00,0.00,"contextlib.py",
"functools.cached_property.__set_name__",1,0.00,0.00,0.00,0.00,"functools.py",
"http.client.BadStatusLine",1,0.00,0.00,0.00,0.00,"client.py",
"inspect.ClassFoundException",1,0.00,0.00,0.00,0.00,"inspect.py",
"ntpath._get_bothseps",1,0.00,0.00,0.00,0.00,"ntpath.py",
"threading.<listcomp>",1,0.00,0.00,0.00,0.00,"threading.py",
"urllib.parse._ResultMixinBytes",1,0.00,0.00,0.00,0.00,"parse.py",
"urllib.parse.DefragResult",1,0.00,0.00,0.00,0.00,"parse.py",
"warnings.WarningMessage",1,0.00,0.00,0.00,0.00,"warnings.py",
"wsgiref.handlers.IISCGIHandler",1,0.00,0.00,0.00,0.00,"handlers.py",
"ast.Ellipsis",1,0.00,0.00,0.00,0.00,"ast.py",
"ast.Param",1,0.00,0.00,0.00,0.00,"ast.py",
"bottle.CheetahTemplate",1,0.00,0.00,0.00,0.00,"bottle.py",
"bottle.RouteError",1,0.00,0.00,0.00,0.00,"bottle.py",
"bottle.WSGIFileWrapper",1,0.00,0.00,0.00,0.00,"bottle.py",
"calendar.IllegalWeekdayError",1,0.00,0.00,0.00,0.00,"calendar.py",
"contextlib._GeneratorContextManagerBase",1,0.00,0.00,0.00,0.00,"contextlib.py",
"email.parser.BytesHeaderParser",1,0.00,0.00,0.00,0.00,"parser.py",
"shutil.RegistryError",1,0.00,0.00,0.00,0.00,"shutil.py",
"socketserver._NoThreads",1,0.00,0.00,0.00,0.00,"socketserver.py",
"threading.BoundedSemaphore",1,0.00,0.00,0.00,0.00,"threading.py",
"urllib.parse.ParseResultBytes",1,0.00,0.00,0.00,0.00,"parse.py",
"<string> (module)",1,0.00,0.00,0.00,0.00,"(string)",
"<string> (module)",1,0.00,0.00,0.00,0.00,"(string)",
"<string> (module)",1,0.00,0.00,0.00,0.00,"(string)",
"<string> (module)",1,0.00,0.00,0.00,0.00,"(string)",
"ast.Suite",1,0.00,0.00,0.00,0.00,"ast.py",
"bottle.<lambda>",5,0.00,0.00,0.00,0.00,"bottle.py",
"bottle.ConfigDict._add_change_listener",1,0.00,0.00,0.00,0.00,"bottle.py",
"bottle.GeventServer",1,0.00,0.00,0.00,0.00,"bottle.py",
"bottle.RouteBuildError",1,0.00,0.00,0.00,0.00,"bottle.py",
"bottle.RouteReset",1,0.00,0.00,0.00,0.00,"bottle.py",
"bottle.TemplatePlugin.setup",1,0.00,0.00,0.00,0.00,"bottle.py",
"bottle.WSGIRefServer",1,0.00,0.00,0.00,0.00,"bottle.py",
"configparser.DuplicateSectionError",1,0.00,0.00,0.00,0.00,"configparser.py",
"contextlib._AsyncGeneratorContextManager",1,0.00,0.00,0.00,0.00,"contextlib.py",
"contextlib._GeneratorContextManager",1,0.00,0.00,0.00,0.00,"contextlib.py",
"email.parser.HeaderParser",1,0.00,0.00,0.00,0.00,"parser.py",
"inspect.EndOfBlock",1,0.00,0.00,0.00,0.00,"inspect.py",
"pickle._Stop",1,0.00,0.00,0.00,0.00,"pickle.py",
"shutil.SameFileError",1,0.00,0.00,0.00,0.00,"shutil.py",
"urllib.parse.ParseResult",1,0.00,0.00,0.00,0.00,"parse.py",
"urllib.parse.SplitResult",1,0.00,0.00,0.00,0.00,"parse.py",
"wsgiref.handlers.BaseCGIHandler",1,0.00,0.00,0.00,0.00,"handlers.py",
"<string> (module)",1,0.00,0.00,0.00,0.00,"(string)",
"<string> (module)",1,0.00,0.00,0.00,0.00,"(string)",
"<string> (module)",1,0.00,0.00,0.00,0.00,"(string)",
"<string> (module)",1,0.00,0.00,0.00,0.00,"(string)",
"<string> (module)",1,0.00,0.00,0.00,0.00,"(string)",
"<string> (module)",1,0.00,0.00,0.00,0.00,"(string)",
"ast.AugLoad",1,0.00,0.00,0.00,0.00,"ast.py",
"ast.slice",1,0.00,0.00,0.00,0.00,"ast.py",
"bottle.AiohttpUVLoopServer",1,0.00,0.00,0.00,0.00,"bottle.py",
"bottle.BottleException",1,0.00,0.00,0.00,0.00,"bottle.py",
"bottle.FlupFCGIServer",1,0.00,0.00,0.00,0.00,"bottle.py",
"bottle.PasteServer",1,0.00,0.00,0.00,0.00,"bottle.py",
"bottle.TornadoServer",1,0.00,0.00,0.00,0.00,"bottle.py",
"bottle.TwistedServer",1,0.00,0.00,0.00,0.00,"bottle.py",
"bottle.WaitressServer",1,0.00,0.00,0.00,0.00,"bottle.py",
"calendar._localized_month.__init__",2,0.00,0.00,0.00,0.00,"calendar.py",
"configparser.InterpolationError",1,0.00,0.00,0.00,0.00,"configparser.py",
"encodings.idna.IncrementalDecoder",1,0.00,0.00,0.00,0.00,"idna.py",
"encodings.idna.IncrementalEncoder",1,0.00,0.00,0.00,0.00,"idna.py",
"http.client.UnknownProtocol",1,0.00,0.00,0.00,0.00,"client.py",
"inspect._empty",1,0.00,0.00,0.00,0.00,"inspect.py",
"pickle.PicklingError",1,0.00,0.00,0.00,0.00,"pickle.py",
"threading._MainThread",1,0.00,0.00,0.00,0.00,"threading.py",
"threading.daemon",1,0.00,0.00,0.00,0.00,"threading.py",
"threading.Thread._set_ident",1,0.00,0.00,0.00,0.00,"threading.py",
"warnings._processoptions",1,0.00,0.00,0.00,0.00,"warnings.py",
"<string> (module)",1,0.00,0.00,0.00,0.00,"(string)",
"<string> (module)",1,0.00,0.00,0.00,0.00,"(string)",
"ast.AugStore",1,0.00,0.00,0.00,0.00,"ast.py",
"bottle.<lambda>",1,0.00,0.00,0.00,0.00,"bottle.py",
"bottle.CherootServer",1,0.00,0.00,0.00,0.00,"bottle.py",
"bottle.GunicornServer",1,0.00,0.00,0.00,0.00,"bottle.py",
"bottle.PluginError",1,0.00,0.00,0.00,0.00,"bottle.py",
"bottle.StplSyntaxError",1,0.00,0.00,0.00,0.00,"bottle.py",
"bottle.TemplateError",1,0.00,0.00,0.00,0.00,"bottle.py",
"configparser.InterpolationDepthError",1,0.00,0.00,0.00,0.00,"configparser.py",
"configparser.InterpolationMissingOptionError",1,0.00,0.00,0.00,0.00,"configparser.py",
"configparser.InterpolationSyntaxError",1,0.00,0.00,0.00,0.00,"configparser.py",
"configparser.MissingSectionHeaderError",1,0.00,0.00,0.00,0.00,"configparser.py",
"configparser.NoOptionError",1,0.00,0.00,0.00,0.00,"configparser.py",
"contextlib.redirect_stdout",1,0.00,0.00,0.00,0.00,"contextlib.py",
"email.errors.FirstHeaderLineIsContinuationDefect",1,0.00,0.00,0.00,0.00,"errors.py",
"email.errors.InvalidBase64PaddingDefect",1,0.00,0.00,0.00,0.00,"errors.py",
"email.errors.InvalidHeaderDefect",1,0.00,0.00,0.00,0.00,"errors.py",
"email.errors.ObsoleteHeaderDefect",1,0.00,0.00,0.00,0.00,"errors.py",
"http.client.HTTPException",1,0.00,0.00,0.00,0.00,"client.py",
"pickle.UnpicklingError",1,0.00,0.00,0.00,0.00,"pickle.py",
"shutil._GiveupOnFastCopy",1,0.00,0.00,0.00,0.00,"shutil.py",
"shutil.ExecError",1,0.00,0.00,0.00,0.00,"shutil.py",
"shutil.ReadError",1,0.00,0.00,0.00,0.00,"shutil.py",
"shutil.SpecialFileError",1,0.00,0.00,0.00,0.00,"shutil.py",
"sre_parse.Tokenizer.seek",1,0.00,0.00,0.00,0.00,"sre_parse.py",
"threading.BrokenBarrierError",1,0.00,0.00,0.00,0.00,"threading.py",
"urllib (module)",1,0.00,0.00,0.00,0.00,"__init__.py",
"urllib.parse.DefragResultBytes",1,0.00,0.00,0.00,0.00,"parse.py",
"urllib.parse.SplitResultBytes",1,0.00,0.00,0.00,0.00,"parse.py",
"weakref._Info",1,0.00,0.00,0.00,0.00,"weakref.py",
"bottle.<genexpr>",1,0.00,0.00,0.00,0.00,"bottle.py",
"bottle.RouterUnknownModeError",1,0.00,0.00,0.00,0.00,"bottle.py",
"contextlib.redirect_stderr",1,0.00,0.00,0.00,0.00,"contextlib.py",
"email.errors.BoundaryError",1,0.00,0.00,0.00,0.00,"errors.py",
"email.errors.CharsetError",1,0.00,0.00,0.00,0.00,"errors.py",
"email.errors.InvalidBase64CharactersDefect",1,0.00,0.00,0.00,0.00,"errors.py",
"email.errors.MessageParseError",1,0.00,0.00,0.00,0.00,"errors.py",
"email.errors.MissingHeaderBodySeparatorDefect",1,0.00,0.00,0.00,0.00,"errors.py",
"http.client.CannotSendRequest",1,0.00,0.00,0.00,0.00,"client.py",
"http.client.InvalidURL",1,0.00,0.00,0.00,0.00,"client.py",
"http.client.LineTooLong",1,0.00,0.00,0.00,0.00,"client.py",
"http.client.NotConnected",1,0.00,0.00,0.00,0.00,"client.py",
"http.client.RemoteDisconnected",1,0.00,0.00,0.00,0.00,"client.py",
"http.client.ResponseNotReady",1,0.00,0.00,0.00,0.00,"client.py",
"http.client.UnknownTransferEncoding",1,0.00,0.00,0.00,0.00,"client.py",
"socketserver.ThreadingUDPServer",1,0.00,0.00,0.00,0.00,"socketserver.py",
"subprocess._use_posix_spawn",1,0.00,0.00,0.00,0.00,"subprocess.py",
"email.errors.CloseBoundaryNotFoundDefect",1,0.00,0.00,0.00,0.00,"errors.py",
"email.errors.HeaderMissingRequiredValue",1,0.00,0.00,0.00,0.00,"errors.py",
"email.errors.InvalidBase64LengthDefect",1,0.00,0.00,0.00,0.00,"errors.py",
"email.errors.MultipartConversionError",1,0.00,0.00,0.00,0.00,"errors.py",
"email.errors.MultipartInvariantViolationDefect",1,0.00,0.00,0.00,0.00,"errors.py",
"email.errors.NoBoundaryInMultipartDefect",1,0.00,0.00,0.00,0.00,"errors.py",
"email.errors.NonASCIILocalPartDefect",1,0.00,0.00,0.00,0.00,"errors.py",
"email.errors.StartBoundaryNotFoundDefect",1,0.00,0.00,0.00,0.00,"errors.py",
"email.errors.UndecodableBytesDefect",1,0.00,0.00,0.00,0.00,"errors.py",
"encodings.idna.StreamReader",1,0.00,0.00,0.00,0.00,"idna.py",
"encodings.idna.StreamWriter",1,0.00,0.00,0.00,0.00,"idna.py",
"http.client.CannotSendHeader",1,0.00,0.00,0.00,0.00,"client.py",
"http.client.ImproperConnectionState",1,0.00,0.00,0.00,0.00,"client.py",
"http.client.UnimplementedFileMode",1,0.00,0.00,0.00,0.00,"client.py",
"http.server.ThreadingHTTPServer",1,0.00,0.00,0.00,0.00,"server.py",
"selectors.__enter__",1,0.00,0.00,0.00,0.00,"selectors.py",
"socketserver.ThreadingTCPServer",1,0.00,0.00,0.00,0.00,"socketserver.py",
"email.errors.HeaderParseError",1,0.00,0.00,0.00,0.00,"errors.py",
"email.errors.InvalidMultipartContentTransferEncodingDefect",1,0.00,0.00,0.00,0.00,"errors.py",
"email.errors.MisplacedEnvelopeHeaderDefect",1,0.00,0.00,0.00,0.00,"errors.py",
"list.append",1,0.00,0.00,0.00,0.00,"Unknown",
"type.__init_subclass__",1,0.00,0.00,0.00,0.00,"Unidentifiable Method",
